<?xml version="1.0" encoding="UTF-8"?>
<root>
  <item name="com.longtailvideo.jwplayer.core.PlayerPreferences java.lang.String getString(android.content.Context, java.lang.String) 1">
    <annotation name="androidx.annotation.StringDef">
      <val name="value" val="{com.longtailvideo.jwplayer.core.PlayerPreferences.PREFERENCE_CURRENT_VERSION, com.longtailvideo.jwplayer.core.PlayerPreferences.PREFERENCE_LICENSE_KEY, com.longtailvideo.jwplayer.core.PlayerPreferences.PREFERENCE_LAST_MANIFEST_FETCH_TIME}" />
    </annotation>
  </item>
  <item name="com.longtailvideo.jwplayer.core.PlayerPreferences long getLong(android.content.Context, java.lang.String, long) 1">
    <annotation name="androidx.annotation.StringDef">
      <val name="value" val="{com.longtailvideo.jwplayer.core.PlayerPreferences.PREFERENCE_CURRENT_VERSION, com.longtailvideo.jwplayer.core.PlayerPreferences.PREFERENCE_LICENSE_KEY, com.longtailvideo.jwplayer.core.PlayerPreferences.PREFERENCE_LAST_MANIFEST_FETCH_TIME}" />
    </annotation>
  </item>
  <item name="com.longtailvideo.jwplayer.core.PlayerPreferences void setLong(android.content.Context, java.lang.String, long) 1">
    <annotation name="androidx.annotation.StringDef">
      <val name="value" val="{com.longtailvideo.jwplayer.core.PlayerPreferences.PREFERENCE_CURRENT_VERSION, com.longtailvideo.jwplayer.core.PlayerPreferences.PREFERENCE_LICENSE_KEY, com.longtailvideo.jwplayer.core.PlayerPreferences.PREFERENCE_LAST_MANIFEST_FETCH_TIME}" />
    </annotation>
  </item>
  <item name="com.longtailvideo.jwplayer.core.PlayerPreferences void setString(android.content.Context, java.lang.String, java.lang.String) 1">
    <annotation name="androidx.annotation.StringDef">
      <val name="value" val="{com.longtailvideo.jwplayer.core.PlayerPreferences.PREFERENCE_CURRENT_VERSION, com.longtailvideo.jwplayer.core.PlayerPreferences.PREFERENCE_LICENSE_KEY, com.longtailvideo.jwplayer.core.PlayerPreferences.PREFERENCE_LAST_MANIFEST_FETCH_TIME}" />
    </annotation>
  </item>
  <item name="com.longtailvideo.jwplayer.core.PlayerPreferences.Preferences">
    <annotation name="androidx.annotation.StringDef">
      <val name="value" val="{com.longtailvideo.jwplayer.core.PlayerPreferences.PREFERENCE_CURRENT_VERSION, com.longtailvideo.jwplayer.core.PlayerPreferences.PREFERENCE_LICENSE_KEY, com.longtailvideo.jwplayer.core.PlayerPreferences.PREFERENCE_LAST_MANIFEST_FETCH_TIME}" />
    </annotation>
  </item>
</root>

