<?xml version="1.0" encoding="UTF-8"?>
<root>
  <item name="com.longtailvideo.jwplayer.fullscreen.FullscreenHandlerFactory com.longtailvideo.jwplayer.fullscreen.ExtensibleFullscreenHandler createFullscreenHandler(int, android.app.Activity, com.longtailvideo.jwplayer.JWPlayerView, com.longtailvideo.jwplayer.core.WebPlayer) 0">
    <annotation name="androidx.annotation.IntDef">
      <val name="value" val="{com.longtailvideo.jwplayer.fullscreen.FullscreenHandlerFactory.TYPE_DIALOG, com.longtailvideo.jwplayer.fullscreen.FullscreenHandlerFactory.TYPE_LISTVIEW, com.longtailvideo.jwplayer.fullscreen.FullscreenHandlerFactory.TYPE_RECYCLERVIEW}" />
    </annotation>
  </item>
  <item name="com.longtailvideo.jwplayer.fullscreen.FullscreenHandlerFactory int determineAppropriateFullscreenHandler(android.view.View)">
    <annotation name="androidx.annotation.IntDef">
      <val name="value" val="{com.longtailvideo.jwplayer.fullscreen.FullscreenHandlerFactory.TYPE_DIALOG, com.longtailvideo.jwplayer.fullscreen.FullscreenHandlerFactory.TYPE_LISTVIEW, com.longtailvideo.jwplayer.fullscreen.FullscreenHandlerFactory.TYPE_RECYCLERVIEW}" />
    </annotation>
  </item>
  <item name="com.longtailvideo.jwplayer.fullscreen.FullscreenHandlerFactory.FullscreenHandlerType">
    <annotation name="androidx.annotation.IntDef">
      <val name="value" val="{com.longtailvideo.jwplayer.fullscreen.FullscreenHandlerFactory.TYPE_DIALOG, com.longtailvideo.jwplayer.fullscreen.FullscreenHandlerFactory.TYPE_LISTVIEW, com.longtailvideo.jwplayer.fullscreen.FullscreenHandlerFactory.TYPE_RECYCLERVIEW}" />
    </annotation>
  </item>
</root>

