<?xml version="1.0" encoding="UTF-8"?>
<root>
  <item name="com.longtailvideo.jwplayer.analytics.AnalyticsConstants.ErrorCode">
    <annotation name="androidx.annotation.IntDef">
      <val name="value" val="{com.longtailvideo.jwplayer.analytics.AnalyticsConstants.VALUE_ERROR_CODE_UNKNOWN, com.longtailvideo.jwplayer.analytics.AnalyticsConstants.VALUE_ERROR_CODE_ONSETUPERROR, com.longtailvideo.jwplayer.analytics.AnalyticsConstants.VALUE_ERROR_CODE_INVALID_RESPONSE, com.longtailvideo.jwplayer.analytics.AnalyticsConstants.VALUE_ERROR_CODE_FILE_DOWNLOAD_UNDEFINED, com.longtailvideo.jwplayer.analytics.AnalyticsConstants.VALUE_ERROR_CODE_CREATING_TEMPORARY_DIRECTORY, com.longtailvideo.jwplayer.analytics.AnalyticsConstants.VALUE_ERROR_CODE_MOVING_FILES, com.longtailvideo.jwplayer.analytics.AnalyticsConstants.VALUE_ERROR_CODE_COPYING_FILES, com.longtailvideo.jwplayer.analytics.AnalyticsConstants.VALUE_ERROR_CODE_PARSER_EXCEPTION, com.longtailvideo.jwplayer.analytics.AnalyticsConstants.VALUE_ERROR_CODE_IO_EXCEPTION, com.longtailvideo.jwplayer.analytics.AnalyticsConstants.VALUE_ERROR_CODE_DECODER_INIT_EXCEPTION, com.longtailvideo.jwplayer.analytics.AnalyticsConstants.VALUE_ERROR_CODE_ILLEGAL_ARGUMENT}" />
    </annotation>
  </item>
  <item name="com.longtailvideo.jwplayer.analytics.AnalyticsConstants.PingParameter">
    <annotation name="androidx.annotation.StringDef">
      <val name="value" val="{com.longtailvideo.jwplayer.analytics.AnalyticsConstants.PING_PARAMETER_SETUP_TIME, com.longtailvideo.jwplayer.analytics.AnalyticsConstants.PING_PARAMETER_TIME_TO_FIRST_FRAME, com.longtailvideo.jwplayer.analytics.AnalyticsConstants.PING_PARAMETER_OS_VERSION, com.longtailvideo.jwplayer.analytics.AnalyticsConstants.PING_PARAMETER_CASTING_TYPE, com.longtailvideo.jwplayer.analytics.AnalyticsConstants.PING_PARAMETER_UPDATE_TYPE, com.longtailvideo.jwplayer.analytics.AnalyticsConstants.PING_PARAMETER_ERROR_CODE, com.longtailvideo.jwplayer.analytics.AnalyticsConstants.PING_PARAMETER_ERROR_MESSAGE, com.longtailvideo.jwplayer.analytics.AnalyticsConstants.PING_PARAMETER_MEDIA_ID}" />
    </annotation>
  </item>
  <item name="com.longtailvideo.jwplayer.analytics.AnalyticsConstants.PingType">
    <annotation name="androidx.annotation.StringDef">
      <val name="value" val="{com.longtailvideo.jwplayer.analytics.AnalyticsConstants.PING_TYPE_CASTING_CONNECTED, com.longtailvideo.jwplayer.analytics.AnalyticsConstants.PING_TYPE_SETUP_TIME, com.longtailvideo.jwplayer.analytics.AnalyticsConstants.PING_TYPE_TIME_TO_FIRST_FRAME, com.longtailvideo.jwplayer.analytics.AnalyticsConstants.PING_TYPE_SETUP_ERROR, com.longtailvideo.jwplayer.analytics.AnalyticsConstants.PING_TYPE_PLAY_ERROR, com.longtailvideo.jwplayer.analytics.AnalyticsConstants.INTERNAL_PING_TYPE_RAW_TTFF, com.longtailvideo.jwplayer.analytics.AnalyticsConstants.INTERNAL_PING_TYPE_IMA_TTFF_EXCLUSION}" />
    </annotation>
  </item>
  <item name="com.longtailvideo.jwplayer.analytics.AnalyticsMeasurement AnalyticsMeasurement(java.lang.String) 0">
    <annotation name="androidx.annotation.StringDef">
      <val name="value" val="{com.longtailvideo.jwplayer.analytics.AnalyticsConstants.PING_TYPE_CASTING_CONNECTED, com.longtailvideo.jwplayer.analytics.AnalyticsConstants.PING_TYPE_SETUP_TIME, com.longtailvideo.jwplayer.analytics.AnalyticsConstants.PING_TYPE_TIME_TO_FIRST_FRAME, com.longtailvideo.jwplayer.analytics.AnalyticsConstants.PING_TYPE_SETUP_ERROR, com.longtailvideo.jwplayer.analytics.AnalyticsConstants.PING_TYPE_PLAY_ERROR, com.longtailvideo.jwplayer.analytics.AnalyticsConstants.INTERNAL_PING_TYPE_RAW_TTFF, com.longtailvideo.jwplayer.analytics.AnalyticsConstants.INTERNAL_PING_TYPE_IMA_TTFF_EXCLUSION}" />
    </annotation>
  </item>
  <item name="com.longtailvideo.jwplayer.analytics.AnalyticsMeasurement AnalyticsMeasurement(java.lang.String, long) 0">
    <annotation name="androidx.annotation.StringDef">
      <val name="value" val="{com.longtailvideo.jwplayer.analytics.AnalyticsConstants.PING_TYPE_CASTING_CONNECTED, com.longtailvideo.jwplayer.analytics.AnalyticsConstants.PING_TYPE_SETUP_TIME, com.longtailvideo.jwplayer.analytics.AnalyticsConstants.PING_TYPE_TIME_TO_FIRST_FRAME, com.longtailvideo.jwplayer.analytics.AnalyticsConstants.PING_TYPE_SETUP_ERROR, com.longtailvideo.jwplayer.analytics.AnalyticsConstants.PING_TYPE_PLAY_ERROR, com.longtailvideo.jwplayer.analytics.AnalyticsConstants.INTERNAL_PING_TYPE_RAW_TTFF, com.longtailvideo.jwplayer.analytics.AnalyticsConstants.INTERNAL_PING_TYPE_IMA_TTFF_EXCLUSION}" />
    </annotation>
  </item>
  <item name="com.longtailvideo.jwplayer.analytics.AnalyticsPing AnalyticsPing(java.lang.String) 0">
    <annotation name="androidx.annotation.StringDef">
      <val name="value" val="{com.longtailvideo.jwplayer.analytics.AnalyticsConstants.PING_TYPE_CASTING_CONNECTED, com.longtailvideo.jwplayer.analytics.AnalyticsConstants.PING_TYPE_SETUP_TIME, com.longtailvideo.jwplayer.analytics.AnalyticsConstants.PING_TYPE_TIME_TO_FIRST_FRAME, com.longtailvideo.jwplayer.analytics.AnalyticsConstants.PING_TYPE_SETUP_ERROR, com.longtailvideo.jwplayer.analytics.AnalyticsConstants.PING_TYPE_PLAY_ERROR, com.longtailvideo.jwplayer.analytics.AnalyticsConstants.INTERNAL_PING_TYPE_RAW_TTFF, com.longtailvideo.jwplayer.analytics.AnalyticsConstants.INTERNAL_PING_TYPE_IMA_TTFF_EXCLUSION}" />
    </annotation>
  </item>
  <item name="com.longtailvideo.jwplayer.analytics.AnalyticsPing java.lang.String getPingType()">
    <annotation name="androidx.annotation.StringDef">
      <val name="value" val="{com.longtailvideo.jwplayer.analytics.AnalyticsConstants.PING_TYPE_CASTING_CONNECTED, com.longtailvideo.jwplayer.analytics.AnalyticsConstants.PING_TYPE_SETUP_TIME, com.longtailvideo.jwplayer.analytics.AnalyticsConstants.PING_TYPE_TIME_TO_FIRST_FRAME, com.longtailvideo.jwplayer.analytics.AnalyticsConstants.PING_TYPE_SETUP_ERROR, com.longtailvideo.jwplayer.analytics.AnalyticsConstants.PING_TYPE_PLAY_ERROR, com.longtailvideo.jwplayer.analytics.AnalyticsConstants.INTERNAL_PING_TYPE_RAW_TTFF, com.longtailvideo.jwplayer.analytics.AnalyticsConstants.INTERNAL_PING_TYPE_IMA_TTFF_EXCLUSION}" />
    </annotation>
  </item>
  <item name="com.longtailvideo.jwplayer.analytics.AnalyticsPing mPingType">
    <annotation name="androidx.annotation.StringDef">
      <val name="value" val="{com.longtailvideo.jwplayer.analytics.AnalyticsConstants.PING_TYPE_CASTING_CONNECTED, com.longtailvideo.jwplayer.analytics.AnalyticsConstants.PING_TYPE_SETUP_TIME, com.longtailvideo.jwplayer.analytics.AnalyticsConstants.PING_TYPE_TIME_TO_FIRST_FRAME, com.longtailvideo.jwplayer.analytics.AnalyticsConstants.PING_TYPE_SETUP_ERROR, com.longtailvideo.jwplayer.analytics.AnalyticsConstants.PING_TYPE_PLAY_ERROR, com.longtailvideo.jwplayer.analytics.AnalyticsConstants.INTERNAL_PING_TYPE_RAW_TTFF, com.longtailvideo.jwplayer.analytics.AnalyticsConstants.INTERNAL_PING_TYPE_IMA_TTFF_EXCLUSION}" />
    </annotation>
  </item>
  <item name="com.longtailvideo.jwplayer.analytics.AnalyticsPing void addParameter(java.lang.String, int) 0">
    <annotation name="androidx.annotation.StringDef">
      <val name="value" val="{com.longtailvideo.jwplayer.analytics.AnalyticsConstants.PING_PARAMETER_SETUP_TIME, com.longtailvideo.jwplayer.analytics.AnalyticsConstants.PING_PARAMETER_TIME_TO_FIRST_FRAME, com.longtailvideo.jwplayer.analytics.AnalyticsConstants.PING_PARAMETER_OS_VERSION, com.longtailvideo.jwplayer.analytics.AnalyticsConstants.PING_PARAMETER_CASTING_TYPE, com.longtailvideo.jwplayer.analytics.AnalyticsConstants.PING_PARAMETER_UPDATE_TYPE, com.longtailvideo.jwplayer.analytics.AnalyticsConstants.PING_PARAMETER_ERROR_CODE, com.longtailvideo.jwplayer.analytics.AnalyticsConstants.PING_PARAMETER_ERROR_MESSAGE, com.longtailvideo.jwplayer.analytics.AnalyticsConstants.PING_PARAMETER_MEDIA_ID}" />
    </annotation>
  </item>
  <item name="com.longtailvideo.jwplayer.analytics.AnalyticsPing void addParameter(java.lang.String, java.lang.String) 0">
    <annotation name="androidx.annotation.StringDef">
      <val name="value" val="{com.longtailvideo.jwplayer.analytics.AnalyticsConstants.PING_PARAMETER_SETUP_TIME, com.longtailvideo.jwplayer.analytics.AnalyticsConstants.PING_PARAMETER_TIME_TO_FIRST_FRAME, com.longtailvideo.jwplayer.analytics.AnalyticsConstants.PING_PARAMETER_OS_VERSION, com.longtailvideo.jwplayer.analytics.AnalyticsConstants.PING_PARAMETER_CASTING_TYPE, com.longtailvideo.jwplayer.analytics.AnalyticsConstants.PING_PARAMETER_UPDATE_TYPE, com.longtailvideo.jwplayer.analytics.AnalyticsConstants.PING_PARAMETER_ERROR_CODE, com.longtailvideo.jwplayer.analytics.AnalyticsConstants.PING_PARAMETER_ERROR_MESSAGE, com.longtailvideo.jwplayer.analytics.AnalyticsConstants.PING_PARAMETER_MEDIA_ID}" />
    </annotation>
  </item>
  <item name="com.longtailvideo.jwplayer.analytics.AnalyticsTrackerImpl com.longtailvideo.jwplayer.analytics.AnalyticsMeasurement getMeasurement(java.lang.String) 0">
    <annotation name="androidx.annotation.StringDef">
      <val name="value" val="{com.longtailvideo.jwplayer.analytics.AnalyticsConstants.PING_TYPE_CASTING_CONNECTED, com.longtailvideo.jwplayer.analytics.AnalyticsConstants.PING_TYPE_SETUP_TIME, com.longtailvideo.jwplayer.analytics.AnalyticsConstants.PING_TYPE_TIME_TO_FIRST_FRAME, com.longtailvideo.jwplayer.analytics.AnalyticsConstants.PING_TYPE_SETUP_ERROR, com.longtailvideo.jwplayer.analytics.AnalyticsConstants.PING_TYPE_PLAY_ERROR, com.longtailvideo.jwplayer.analytics.AnalyticsConstants.INTERNAL_PING_TYPE_RAW_TTFF, com.longtailvideo.jwplayer.analytics.AnalyticsConstants.INTERNAL_PING_TYPE_IMA_TTFF_EXCLUSION}" />
    </annotation>
  </item>
  <item name="com.longtailvideo.jwplayer.analytics.AnalyticsTrackerImpl void finishMeasurement(java.lang.String) 0">
    <annotation name="androidx.annotation.StringDef">
      <val name="value" val="{com.longtailvideo.jwplayer.analytics.AnalyticsConstants.PING_TYPE_CASTING_CONNECTED, com.longtailvideo.jwplayer.analytics.AnalyticsConstants.PING_TYPE_SETUP_TIME, com.longtailvideo.jwplayer.analytics.AnalyticsConstants.PING_TYPE_TIME_TO_FIRST_FRAME, com.longtailvideo.jwplayer.analytics.AnalyticsConstants.PING_TYPE_SETUP_ERROR, com.longtailvideo.jwplayer.analytics.AnalyticsConstants.PING_TYPE_PLAY_ERROR, com.longtailvideo.jwplayer.analytics.AnalyticsConstants.INTERNAL_PING_TYPE_RAW_TTFF, com.longtailvideo.jwplayer.analytics.AnalyticsConstants.INTERNAL_PING_TYPE_IMA_TTFF_EXCLUSION}" />
    </annotation>
  </item>
  <item name="com.longtailvideo.jwplayer.analytics.AnalyticsTrackerImpl void removeMeasurement(java.lang.String) 0">
    <annotation name="androidx.annotation.StringDef">
      <val name="value" val="{com.longtailvideo.jwplayer.analytics.AnalyticsConstants.PING_TYPE_CASTING_CONNECTED, com.longtailvideo.jwplayer.analytics.AnalyticsConstants.PING_TYPE_SETUP_TIME, com.longtailvideo.jwplayer.analytics.AnalyticsConstants.PING_TYPE_TIME_TO_FIRST_FRAME, com.longtailvideo.jwplayer.analytics.AnalyticsConstants.PING_TYPE_SETUP_ERROR, com.longtailvideo.jwplayer.analytics.AnalyticsConstants.PING_TYPE_PLAY_ERROR, com.longtailvideo.jwplayer.analytics.AnalyticsConstants.INTERNAL_PING_TYPE_RAW_TTFF, com.longtailvideo.jwplayer.analytics.AnalyticsConstants.INTERNAL_PING_TYPE_IMA_TTFF_EXCLUSION}" />
    </annotation>
  </item>
  <item name="com.longtailvideo.jwplayer.analytics.AnalyticsTrackerImpl void sendErrorPing(java.lang.String, int) 0">
    <annotation name="androidx.annotation.StringDef">
      <val name="value" val="{com.longtailvideo.jwplayer.analytics.AnalyticsConstants.PING_TYPE_CASTING_CONNECTED, com.longtailvideo.jwplayer.analytics.AnalyticsConstants.PING_TYPE_SETUP_TIME, com.longtailvideo.jwplayer.analytics.AnalyticsConstants.PING_TYPE_TIME_TO_FIRST_FRAME, com.longtailvideo.jwplayer.analytics.AnalyticsConstants.PING_TYPE_SETUP_ERROR, com.longtailvideo.jwplayer.analytics.AnalyticsConstants.PING_TYPE_PLAY_ERROR, com.longtailvideo.jwplayer.analytics.AnalyticsConstants.INTERNAL_PING_TYPE_RAW_TTFF, com.longtailvideo.jwplayer.analytics.AnalyticsConstants.INTERNAL_PING_TYPE_IMA_TTFF_EXCLUSION}" />
    </annotation>
  </item>
  <item name="com.longtailvideo.jwplayer.analytics.AnalyticsTrackerImpl void sendErrorPing(java.lang.String, int) 1">
    <annotation name="androidx.annotation.IntDef">
      <val name="value" val="{com.longtailvideo.jwplayer.analytics.AnalyticsConstants.VALUE_ERROR_CODE_UNKNOWN, com.longtailvideo.jwplayer.analytics.AnalyticsConstants.VALUE_ERROR_CODE_ONSETUPERROR, com.longtailvideo.jwplayer.analytics.AnalyticsConstants.VALUE_ERROR_CODE_INVALID_RESPONSE, com.longtailvideo.jwplayer.analytics.AnalyticsConstants.VALUE_ERROR_CODE_FILE_DOWNLOAD_UNDEFINED, com.longtailvideo.jwplayer.analytics.AnalyticsConstants.VALUE_ERROR_CODE_CREATING_TEMPORARY_DIRECTORY, com.longtailvideo.jwplayer.analytics.AnalyticsConstants.VALUE_ERROR_CODE_MOVING_FILES, com.longtailvideo.jwplayer.analytics.AnalyticsConstants.VALUE_ERROR_CODE_COPYING_FILES, com.longtailvideo.jwplayer.analytics.AnalyticsConstants.VALUE_ERROR_CODE_PARSER_EXCEPTION, com.longtailvideo.jwplayer.analytics.AnalyticsConstants.VALUE_ERROR_CODE_IO_EXCEPTION, com.longtailvideo.jwplayer.analytics.AnalyticsConstants.VALUE_ERROR_CODE_DECODER_INIT_EXCEPTION, com.longtailvideo.jwplayer.analytics.AnalyticsConstants.VALUE_ERROR_CODE_ILLEGAL_ARGUMENT}" />
    </annotation>
  </item>
  <item name="com.longtailvideo.jwplayer.analytics.AnalyticsTrackerImpl void sendErrorPing(java.lang.String, int, java.lang.String) 0">
    <annotation name="androidx.annotation.StringDef">
      <val name="value" val="{com.longtailvideo.jwplayer.analytics.AnalyticsConstants.PING_TYPE_CASTING_CONNECTED, com.longtailvideo.jwplayer.analytics.AnalyticsConstants.PING_TYPE_SETUP_TIME, com.longtailvideo.jwplayer.analytics.AnalyticsConstants.PING_TYPE_TIME_TO_FIRST_FRAME, com.longtailvideo.jwplayer.analytics.AnalyticsConstants.PING_TYPE_SETUP_ERROR, com.longtailvideo.jwplayer.analytics.AnalyticsConstants.PING_TYPE_PLAY_ERROR, com.longtailvideo.jwplayer.analytics.AnalyticsConstants.INTERNAL_PING_TYPE_RAW_TTFF, com.longtailvideo.jwplayer.analytics.AnalyticsConstants.INTERNAL_PING_TYPE_IMA_TTFF_EXCLUSION}" />
    </annotation>
  </item>
  <item name="com.longtailvideo.jwplayer.analytics.AnalyticsTrackerImpl void sendErrorPing(java.lang.String, int, java.lang.String) 1">
    <annotation name="androidx.annotation.IntDef">
      <val name="value" val="{com.longtailvideo.jwplayer.analytics.AnalyticsConstants.VALUE_ERROR_CODE_UNKNOWN, com.longtailvideo.jwplayer.analytics.AnalyticsConstants.VALUE_ERROR_CODE_ONSETUPERROR, com.longtailvideo.jwplayer.analytics.AnalyticsConstants.VALUE_ERROR_CODE_INVALID_RESPONSE, com.longtailvideo.jwplayer.analytics.AnalyticsConstants.VALUE_ERROR_CODE_FILE_DOWNLOAD_UNDEFINED, com.longtailvideo.jwplayer.analytics.AnalyticsConstants.VALUE_ERROR_CODE_CREATING_TEMPORARY_DIRECTORY, com.longtailvideo.jwplayer.analytics.AnalyticsConstants.VALUE_ERROR_CODE_MOVING_FILES, com.longtailvideo.jwplayer.analytics.AnalyticsConstants.VALUE_ERROR_CODE_COPYING_FILES, com.longtailvideo.jwplayer.analytics.AnalyticsConstants.VALUE_ERROR_CODE_PARSER_EXCEPTION, com.longtailvideo.jwplayer.analytics.AnalyticsConstants.VALUE_ERROR_CODE_IO_EXCEPTION, com.longtailvideo.jwplayer.analytics.AnalyticsConstants.VALUE_ERROR_CODE_DECODER_INIT_EXCEPTION, com.longtailvideo.jwplayer.analytics.AnalyticsConstants.VALUE_ERROR_CODE_ILLEGAL_ARGUMENT}" />
    </annotation>
  </item>
  <item name="com.longtailvideo.jwplayer.analytics.AnalyticsTrackerImpl void startMeasurement(java.lang.String) 0">
    <annotation name="androidx.annotation.StringDef">
      <val name="value" val="{com.longtailvideo.jwplayer.analytics.AnalyticsConstants.PING_TYPE_CASTING_CONNECTED, com.longtailvideo.jwplayer.analytics.AnalyticsConstants.PING_TYPE_SETUP_TIME, com.longtailvideo.jwplayer.analytics.AnalyticsConstants.PING_TYPE_TIME_TO_FIRST_FRAME, com.longtailvideo.jwplayer.analytics.AnalyticsConstants.PING_TYPE_SETUP_ERROR, com.longtailvideo.jwplayer.analytics.AnalyticsConstants.PING_TYPE_PLAY_ERROR, com.longtailvideo.jwplayer.analytics.AnalyticsConstants.INTERNAL_PING_TYPE_RAW_TTFF, com.longtailvideo.jwplayer.analytics.AnalyticsConstants.INTERNAL_PING_TYPE_IMA_TTFF_EXCLUSION}" />
    </annotation>
  </item>
</root>

