<?xml version="1.0" encoding="UTF-8"?>
<root>
  <item name="com.longtailvideo.jwplayer.media.ads.AdRules java.lang.String getStartOnSeek()">
    <annotation name="androidx.annotation.StringDef">
      <val name="value" val="{com.longtailvideo.jwplayer.media.ads.AdRules.RULES_START_ON_SEEK_PRE, com.longtailvideo.jwplayer.media.ads.AdRules.RULES_START_ON_SEEK_NONE}" />
    </annotation>
  </item>
  <item name="com.longtailvideo.jwplayer.media.ads.AdRules void setStartOnSeek(java.lang.String) 0">
    <annotation name="androidx.annotation.StringDef">
      <val name="value" val="{com.longtailvideo.jwplayer.media.ads.AdRules.RULES_START_ON_SEEK_PRE, com.longtailvideo.jwplayer.media.ads.AdRules.RULES_START_ON_SEEK_NONE}" />
    </annotation>
  </item>
  <item name="com.longtailvideo.jwplayer.media.ads.AdRules.Builder com.longtailvideo.jwplayer.media.ads.AdRules.Builder startOnSeek(java.lang.String) 0">
    <annotation name="androidx.annotation.StringDef">
      <val name="value" val="{com.longtailvideo.jwplayer.media.ads.AdRules.RULES_START_ON_SEEK_PRE, com.longtailvideo.jwplayer.media.ads.AdRules.RULES_START_ON_SEEK_NONE}" />
    </annotation>
  </item>
  <item name="com.longtailvideo.jwplayer.media.ads.AdRules.RulesStartOnSeek">
    <annotation name="androidx.annotation.StringDef">
      <val name="value" val="{com.longtailvideo.jwplayer.media.ads.AdRules.RULES_START_ON_SEEK_PRE, com.longtailvideo.jwplayer.media.ads.AdRules.RULES_START_ON_SEEK_NONE}" />
    </annotation>
  </item>
</root>

