<?xml version="1.0" encoding="UTF-8"?>
<root>
  <item name="com.longtailvideo.jwplayer.configuration.LogoConfig java.lang.String getPosition()">
    <annotation name="androidx.annotation.StringDef">
      <val name="value" val="{com.longtailvideo.jwplayer.configuration.LogoConfig.LOGO_POSITION_TOP_LEFT, com.longtailvideo.jwplayer.configuration.LogoConfig.LOGO_POSITION_TOP_RIGHT, com.longtailvideo.jwplayer.configuration.LogoConfig.LOGO_POSITION_BOTTOM_LEFT, com.longtailvideo.jwplayer.configuration.LogoConfig.LOGO_POSITION_BOTTOM_RIGHT, com.longtailvideo.jwplayer.configuration.LogoConfig.LOGO_POSITION_CONTROL_BAR}" />
    </annotation>
  </item>
  <item name="com.longtailvideo.jwplayer.configuration.LogoConfig void setPosition(java.lang.String) 0">
    <annotation name="androidx.annotation.StringDef">
      <val name="value" val="{com.longtailvideo.jwplayer.configuration.LogoConfig.LOGO_POSITION_TOP_LEFT, com.longtailvideo.jwplayer.configuration.LogoConfig.LOGO_POSITION_TOP_RIGHT, com.longtailvideo.jwplayer.configuration.LogoConfig.LOGO_POSITION_BOTTOM_LEFT, com.longtailvideo.jwplayer.configuration.LogoConfig.LOGO_POSITION_BOTTOM_RIGHT, com.longtailvideo.jwplayer.configuration.LogoConfig.LOGO_POSITION_CONTROL_BAR}" />
    </annotation>
  </item>
  <item name="com.longtailvideo.jwplayer.configuration.LogoConfig.Builder com.longtailvideo.jwplayer.configuration.LogoConfig.Builder position(java.lang.String) 0">
    <annotation name="androidx.annotation.StringDef">
      <val name="value" val="{com.longtailvideo.jwplayer.configuration.LogoConfig.LOGO_POSITION_TOP_LEFT, com.longtailvideo.jwplayer.configuration.LogoConfig.LOGO_POSITION_TOP_RIGHT, com.longtailvideo.jwplayer.configuration.LogoConfig.LOGO_POSITION_BOTTOM_LEFT, com.longtailvideo.jwplayer.configuration.LogoConfig.LOGO_POSITION_BOTTOM_RIGHT, com.longtailvideo.jwplayer.configuration.LogoConfig.LOGO_POSITION_CONTROL_BAR}" />
    </annotation>
  </item>
  <item name="com.longtailvideo.jwplayer.configuration.LogoConfig.LogoPosition">
    <annotation name="androidx.annotation.StringDef">
      <val name="value" val="{com.longtailvideo.jwplayer.configuration.LogoConfig.LOGO_POSITION_TOP_LEFT, com.longtailvideo.jwplayer.configuration.LogoConfig.LOGO_POSITION_TOP_RIGHT, com.longtailvideo.jwplayer.configuration.LogoConfig.LOGO_POSITION_BOTTOM_LEFT, com.longtailvideo.jwplayer.configuration.LogoConfig.LOGO_POSITION_BOTTOM_RIGHT, com.longtailvideo.jwplayer.configuration.LogoConfig.LOGO_POSITION_CONTROL_BAR}" />
    </annotation>
  </item>
  <item name="com.longtailvideo.jwplayer.configuration.PlayerConfig java.lang.String getStretching()">
    <annotation name="androidx.annotation.StringDef">
      <val name="value" val="{com.longtailvideo.jwplayer.configuration.PlayerConfig.STRETCHING_UNIFORM, com.longtailvideo.jwplayer.configuration.PlayerConfig.STRETCHING_FILL, com.longtailvideo.jwplayer.configuration.PlayerConfig.STRETCHING_EXACT_FIT, com.longtailvideo.jwplayer.configuration.PlayerConfig.STRETCHING_NONE}" />
    </annotation>
  </item>
  <item name="com.longtailvideo.jwplayer.configuration.PlayerConfig void setStretching(java.lang.String) 0">
    <annotation name="androidx.annotation.StringDef">
      <val name="value" val="{com.longtailvideo.jwplayer.configuration.PlayerConfig.STRETCHING_UNIFORM, com.longtailvideo.jwplayer.configuration.PlayerConfig.STRETCHING_FILL, com.longtailvideo.jwplayer.configuration.PlayerConfig.STRETCHING_EXACT_FIT, com.longtailvideo.jwplayer.configuration.PlayerConfig.STRETCHING_NONE}" />
    </annotation>
  </item>
  <item name="com.longtailvideo.jwplayer.configuration.PlayerConfig.Builder com.longtailvideo.jwplayer.configuration.PlayerConfig.Builder stretching(java.lang.String) 0">
    <annotation name="androidx.annotation.StringDef">
      <val name="value" val="{com.longtailvideo.jwplayer.configuration.PlayerConfig.STRETCHING_UNIFORM, com.longtailvideo.jwplayer.configuration.PlayerConfig.STRETCHING_FILL, com.longtailvideo.jwplayer.configuration.PlayerConfig.STRETCHING_EXACT_FIT, com.longtailvideo.jwplayer.configuration.PlayerConfig.STRETCHING_NONE}" />
    </annotation>
  </item>
  <item name="com.longtailvideo.jwplayer.configuration.PlayerConfig.Stretching">
    <annotation name="androidx.annotation.StringDef">
      <val name="value" val="{com.longtailvideo.jwplayer.configuration.PlayerConfig.STRETCHING_UNIFORM, com.longtailvideo.jwplayer.configuration.PlayerConfig.STRETCHING_FILL, com.longtailvideo.jwplayer.configuration.PlayerConfig.STRETCHING_EXACT_FIT, com.longtailvideo.jwplayer.configuration.PlayerConfig.STRETCHING_NONE}" />
    </annotation>
  </item>
  <item name="com.longtailvideo.jwplayer.configuration.RelatedConfig java.lang.String getDisplayMode()">
    <annotation name="androidx.annotation.StringDef">
      <val name="value" val="{com.longtailvideo.jwplayer.configuration.RelatedConfig.RELATED_DISPLAY_MODE_OVERLAY, com.longtailvideo.jwplayer.configuration.RelatedConfig.RELATED_DISPLAY_MODE_SHELF}" />
    </annotation>
  </item>
  <item name="com.longtailvideo.jwplayer.configuration.RelatedConfig java.lang.String getOnClick()">
    <annotation name="androidx.annotation.StringDef">
      <val name="value" val="{com.longtailvideo.jwplayer.configuration.RelatedConfig.RELATED_ON_CLICK_PLAY, com.longtailvideo.jwplayer.configuration.RelatedConfig.RELATED_ON_CLICK_LINK}" />
    </annotation>
  </item>
  <item name="com.longtailvideo.jwplayer.configuration.RelatedConfig java.lang.String getOnComplete()">
    <annotation name="androidx.annotation.StringDef">
      <val name="value" val="{com.longtailvideo.jwplayer.configuration.RelatedConfig.RELATED_ON_COMPLETE_SHOW, com.longtailvideo.jwplayer.configuration.RelatedConfig.RELATED_ON_COMPLETE_HIDE, com.longtailvideo.jwplayer.configuration.RelatedConfig.RELATED_ON_COMPLETE_AUTOPLAY}" />
    </annotation>
  </item>
  <item name="com.longtailvideo.jwplayer.configuration.RelatedConfig void setDisplayMode(java.lang.String) 0">
    <annotation name="androidx.annotation.StringDef">
      <val name="value" val="{com.longtailvideo.jwplayer.configuration.RelatedConfig.RELATED_DISPLAY_MODE_OVERLAY, com.longtailvideo.jwplayer.configuration.RelatedConfig.RELATED_DISPLAY_MODE_SHELF}" />
    </annotation>
  </item>
  <item name="com.longtailvideo.jwplayer.configuration.RelatedConfig void setOnClick(java.lang.String) 0">
    <annotation name="androidx.annotation.StringDef">
      <val name="value" val="{com.longtailvideo.jwplayer.configuration.RelatedConfig.RELATED_ON_CLICK_PLAY, com.longtailvideo.jwplayer.configuration.RelatedConfig.RELATED_ON_CLICK_LINK}" />
    </annotation>
  </item>
  <item name="com.longtailvideo.jwplayer.configuration.RelatedConfig void setOnComplete(java.lang.String) 0">
    <annotation name="androidx.annotation.StringDef">
      <val name="value" val="{com.longtailvideo.jwplayer.configuration.RelatedConfig.RELATED_ON_COMPLETE_SHOW, com.longtailvideo.jwplayer.configuration.RelatedConfig.RELATED_ON_COMPLETE_HIDE, com.longtailvideo.jwplayer.configuration.RelatedConfig.RELATED_ON_COMPLETE_AUTOPLAY}" />
    </annotation>
  </item>
  <item name="com.longtailvideo.jwplayer.configuration.RelatedConfig.Builder com.longtailvideo.jwplayer.configuration.RelatedConfig.Builder displayMode(java.lang.String) 0">
    <annotation name="androidx.annotation.StringDef">
      <val name="value" val="{com.longtailvideo.jwplayer.configuration.RelatedConfig.RELATED_DISPLAY_MODE_OVERLAY, com.longtailvideo.jwplayer.configuration.RelatedConfig.RELATED_DISPLAY_MODE_SHELF}" />
    </annotation>
  </item>
  <item name="com.longtailvideo.jwplayer.configuration.RelatedConfig.Builder com.longtailvideo.jwplayer.configuration.RelatedConfig.Builder onClick(java.lang.String) 0">
    <annotation name="androidx.annotation.StringDef">
      <val name="value" val="{com.longtailvideo.jwplayer.configuration.RelatedConfig.RELATED_ON_CLICK_PLAY, com.longtailvideo.jwplayer.configuration.RelatedConfig.RELATED_ON_CLICK_LINK}" />
    </annotation>
  </item>
  <item name="com.longtailvideo.jwplayer.configuration.RelatedConfig.Builder com.longtailvideo.jwplayer.configuration.RelatedConfig.Builder onComplete(java.lang.String) 0">
    <annotation name="androidx.annotation.StringDef">
      <val name="value" val="{com.longtailvideo.jwplayer.configuration.RelatedConfig.RELATED_ON_COMPLETE_SHOW, com.longtailvideo.jwplayer.configuration.RelatedConfig.RELATED_ON_COMPLETE_HIDE, com.longtailvideo.jwplayer.configuration.RelatedConfig.RELATED_ON_COMPLETE_AUTOPLAY}" />
    </annotation>
  </item>
  <item name="com.longtailvideo.jwplayer.configuration.RelatedConfig.RelatedDisplayMode">
    <annotation name="androidx.annotation.StringDef">
      <val name="value" val="{com.longtailvideo.jwplayer.configuration.RelatedConfig.RELATED_DISPLAY_MODE_OVERLAY, com.longtailvideo.jwplayer.configuration.RelatedConfig.RELATED_DISPLAY_MODE_SHELF}" />
    </annotation>
  </item>
  <item name="com.longtailvideo.jwplayer.configuration.RelatedConfig.RelatedOnClick">
    <annotation name="androidx.annotation.StringDef">
      <val name="value" val="{com.longtailvideo.jwplayer.configuration.RelatedConfig.RELATED_ON_CLICK_PLAY, com.longtailvideo.jwplayer.configuration.RelatedConfig.RELATED_ON_CLICK_LINK}" />
    </annotation>
  </item>
  <item name="com.longtailvideo.jwplayer.configuration.RelatedConfig.RelatedOnComplete">
    <annotation name="androidx.annotation.StringDef">
      <val name="value" val="{com.longtailvideo.jwplayer.configuration.RelatedConfig.RELATED_ON_COMPLETE_SHOW, com.longtailvideo.jwplayer.configuration.RelatedConfig.RELATED_ON_COMPLETE_HIDE, com.longtailvideo.jwplayer.configuration.RelatedConfig.RELATED_ON_COMPLETE_AUTOPLAY}" />
    </annotation>
  </item>
</root>

