<?xml version="1.0" encoding="UTF-8"?>
<root>
  <item name="com.longtailvideo.jwplayer.core.update.UpdateConstants.UpdateErrorCode">
    <annotation name="androidx.annotation.IntDef">
      <val name="value" val="{com.longtailvideo.jwplayer.core.update.UpdateConstants.NO_ERROR, com.longtailvideo.jwplayer.core.update.UpdateConstants.UNKNOWN_ERROR, com.longtailvideo.jwplayer.core.update.UpdateConstants.ERROR_INVALID_RESPONSE_CODE, com.longtailvideo.jwplayer.core.update.UpdateConstants.ERROR_UNDEFINED_FILE_DOWNLOAD, com.longtailvideo.jwplayer.core.update.UpdateConstants.ERROR_CREATING_TEMPORARY_DIRECTORY, com.longtailvideo.jwplayer.core.update.UpdateConstants.ERROR_MOVING_FILES, com.longtailvideo.jwplayer.core.update.UpdateConstants.ERROR_COPYING_FILES}" />
    </annotation>
  </item>
  <item name="com.longtailvideo.jwplayer.core.update.UpdateError UpdateError(int, java.lang.String) 0">
    <annotation name="androidx.annotation.IntDef">
      <val name="value" val="{com.longtailvideo.jwplayer.core.update.UpdateConstants.NO_ERROR, com.longtailvideo.jwplayer.core.update.UpdateConstants.UNKNOWN_ERROR, com.longtailvideo.jwplayer.core.update.UpdateConstants.ERROR_INVALID_RESPONSE_CODE, com.longtailvideo.jwplayer.core.update.UpdateConstants.ERROR_UNDEFINED_FILE_DOWNLOAD, com.longtailvideo.jwplayer.core.update.UpdateConstants.ERROR_CREATING_TEMPORARY_DIRECTORY, com.longtailvideo.jwplayer.core.update.UpdateConstants.ERROR_MOVING_FILES, com.longtailvideo.jwplayer.core.update.UpdateConstants.ERROR_COPYING_FILES}" />
    </annotation>
  </item>
  <item name="com.longtailvideo.jwplayer.core.update.UpdateError int getErrorCode()">
    <annotation name="androidx.annotation.IntDef">
      <val name="value" val="{com.longtailvideo.jwplayer.core.update.UpdateConstants.NO_ERROR, com.longtailvideo.jwplayer.core.update.UpdateConstants.UNKNOWN_ERROR, com.longtailvideo.jwplayer.core.update.UpdateConstants.ERROR_INVALID_RESPONSE_CODE, com.longtailvideo.jwplayer.core.update.UpdateConstants.ERROR_UNDEFINED_FILE_DOWNLOAD, com.longtailvideo.jwplayer.core.update.UpdateConstants.ERROR_CREATING_TEMPORARY_DIRECTORY, com.longtailvideo.jwplayer.core.update.UpdateConstants.ERROR_MOVING_FILES, com.longtailvideo.jwplayer.core.update.UpdateConstants.ERROR_COPYING_FILES}" />
    </annotation>
  </item>
  <item name="com.longtailvideo.jwplayer.core.update.UpdateError mErrorCode">
    <annotation name="androidx.annotation.IntDef">
      <val name="value" val="{com.longtailvideo.jwplayer.core.update.UpdateConstants.NO_ERROR, com.longtailvideo.jwplayer.core.update.UpdateConstants.UNKNOWN_ERROR, com.longtailvideo.jwplayer.core.update.UpdateConstants.ERROR_INVALID_RESPONSE_CODE, com.longtailvideo.jwplayer.core.update.UpdateConstants.ERROR_UNDEFINED_FILE_DOWNLOAD, com.longtailvideo.jwplayer.core.update.UpdateConstants.ERROR_CREATING_TEMPORARY_DIRECTORY, com.longtailvideo.jwplayer.core.update.UpdateConstants.ERROR_MOVING_FILES, com.longtailvideo.jwplayer.core.update.UpdateConstants.ERROR_COPYING_FILES}" />
    </annotation>
  </item>
</root>

